{
  "mat": [
    [
      0.47434164902525683, 
      0.029851641394380735, 
      0.6686702478628809, 
      -0.4013407893531348, 
      1.8811753959948343, 
      0.46280879777216755
    ], 
    [
      0.47434164902525683, 
      0.029851641394380735, 
      0.6686702478628809, 
      -0.4013407893531348, 
      -0.1319763986255723, 
      0.46280879777216755
    ], 
    [
      0.47434164902525683, 
      1.6601273982861906, 
      0.18334970762519837, 
      2.736075948543892, 
      1.5756685011761153, 
      -2.761789437180202
    ], 
    [
      0.47434164902525683, 
      0.029851641394380735, 
      0.6686702478628809, 
      -0.4013407893531348, 
      -0.1319763986255723, 
      0.46280879777216755
    ], 
    [
      0.47434164902525683, 
      0.34160784167118374, 
      -1.3366961025665602, 
      -0.4013407893531348, 
      -0.1300325052097593, 
      0.19825013989593784
    ], 
    [
      0.47434164902525683, 
      1.354893068540548, 
      -2.097852839144959, 
      -0.4013407893531348, 
      -1.3653647584382125, 
      -0.2191573326064394
    ], 
    [
      -1.8973665961010273, 
      -1.4813702663486639, 
      0.8186730845995424, 
      0.474650366281186, 
      -0.7247546742547588, 
      0.005843843257697374
    ], 
    [
      -1.8973665961010273, 
      -0.7690998783269705, 
      -0.5022697442847424, 
      -0.4013407893531348, 
      -0.7087863647659296, 
      0.46280879777216755
    ], 
    [
      0.47434164902525683, 
      -1.2255647293998109, 
      0.2601149023199967, 
      -0.4013407893531348, 
      -0.1319763986255723, 
      0.46280879777216755
    ], 
    [
      0.47434164902525683, 
      0.029851641394380735, 
      0.6686702478628809, 
      -0.4013407893531348, 
      -0.1319763986255723, 
      0.46280879777216755
    ]
  ], 
  "links": [], 
  "views": [], 
  "mat_orig": [
    [
      0.0, 
      0.0, 
      0.0, 
      0.0, 
      0.000795124577577, 
      0.0
    ], 
    [
      0.0, 
      0.0, 
      0.0, 
      0.0, 
      0.0, 
      0.0
    ], 
    [
      0.0, 
      0.000464870571364, 
      -9.44246631247e-05, 
      0.00031838937835, 
      0.0006744600348740002, 
      -0.0010741689101400002
    ], 
    [
      0.0, 
      0.0, 
      0.0, 
      0.0, 
      0.0, 
      0.0
    ], 
    [
      0.0, 
      8.88967908259e-05, 
      -0.000390166964679, 
      0.0, 
      7.67769939273e-07, 
      -8.81290208866e-05
    ], 
    [
      0.0, 
      0.00037783348167600003, 
      -0.0005382587153419999, 
      0.0, 
      -0.000487145281943, 
      -0.000227174600259
    ], 
    [
      -0.00023645967549200002, 
      -0.00043092255327999997, 
      2.91847679055e-05, 
      8.88967908259e-05, 
      -0.0002341266949, 
      -0.000152222854259
    ], 
    [
      -0.00023645967549200002, 
      -0.000227819770916, 
      -0.000227819770916, 
      0.0, 
      -0.000227819770916, 
      0.0
    ], 
    [
      0.0, 
      -0.00035798000621900007, 
      -7.94891163102e-05, 
      0.0, 
      0.0, 
      0.0
    ], 
    [
      0.0, 
      0.0, 
      0.0, 
      0.0, 
      0.0, 
      0.0
    ]
  ], 
  "cat_colors": {
    "col": {}, 
    "row": {}
  }, 
  "row_nodes": [
    {
      "group": [
        8.0, 
        7.0, 
        6.0, 
        6.0, 
        5.0, 
        4.0, 
        4.0, 
        3.0, 
        2.0, 
        1.0, 
        1.0
      ], 
      "name": "AmyKlobuchar", 
      "clust": 5, 
      "rank": 8, 
      "ini": 10, 
      "rankvar": 6
    }, 
    {
      "group": [
        6.0, 
        5.0, 
        4.0, 
        4.0, 
        4.0, 
        4.0, 
        4.0, 
        3.0, 
        2.0, 
        1.0, 
        1.0
      ], 
      "name": "AndrewYang", 
      "clust": 8, 
      "rank": 5, 
      "ini": 9, 
      "rankvar": 0
    }, 
    {
      "group": [
        3.0, 
        2.0, 
        2.0, 
        2.0, 
        2.0, 
        2.0, 
        2.0, 
        1.0, 
        1.0, 
        1.0, 
        1.0
      ], 
      "name": "BernieSanders", 
      "clust": 0, 
      "rank": 9, 
      "ini": 8, 
      "rankvar": 9
    }, 
    {
      "group": [
        6.0, 
        5.0, 
        4.0, 
        4.0, 
        4.0, 
        4.0, 
        4.0, 
        3.0, 
        2.0, 
        1.0, 
        1.0
      ], 
      "name": "BetoORourke", 
      "clust": 9, 
      "rank": 6, 
      "ini": 7, 
      "rankvar": 1
    }, 
    {
      "group": [
        1.0, 
        1.0, 
        1.0, 
        1.0, 
        1.0, 
        1.0, 
        1.0, 
        1.0, 
        1.0, 
        1.0, 
        1.0
      ], 
      "name": "CoryBooker", 
      "clust": 1, 
      "rank": 3, 
      "ini": 6, 
      "rankvar": 4
    }, 
    {
      "group": [
        2.0, 
        1.0, 
        1.0, 
        1.0, 
        1.0, 
        1.0, 
        1.0, 
        1.0, 
        1.0, 
        1.0, 
        1.0
      ], 
      "name": "ElizabethWarren", 
      "clust": 2, 
      "rank": 2, 
      "ini": 5, 
      "rankvar": 8
    }, 
    {
      "group": [
        4.0, 
        3.0, 
        3.0, 
        3.0, 
        3.0, 
        3.0, 
        3.0, 
        2.0, 
        2.0, 
        1.0, 
        1.0
      ], 
      "name": "JoeBiden", 
      "clust": 3, 
      "rank": 1, 
      "ini": 4, 
      "rankvar": 7
    }, 
    {
      "group": [
        5.0, 
        4.0, 
        3.0, 
        3.0, 
        3.0, 
        3.0, 
        3.0, 
        2.0, 
        2.0, 
        1.0, 
        1.0
      ], 
      "name": "JulianCastro", 
      "clust": 4, 
      "rank": 0, 
      "ini": 3, 
      "rankvar": 5
    }, 
    {
      "group": [
        7.0, 
        6.0, 
        5.0, 
        5.0, 
        4.0, 
        4.0, 
        4.0, 
        3.0, 
        2.0, 
        1.0, 
        1.0
      ], 
      "name": "KamalaHarris", 
      "clust": 6, 
      "rank": 4, 
      "ini": 2, 
      "rankvar": 3
    }, 
    {
      "group": [
        6.0, 
        5.0, 
        4.0, 
        4.0, 
        4.0, 
        4.0, 
        4.0, 
        3.0, 
        2.0, 
        1.0, 
        1.0
      ], 
      "name": "PeteButtigieg", 
      "clust": 7, 
      "rank": 7, 
      "ini": 1, 
      "rankvar": 2
    }
  ], 
  "col_nodes": [
    {
      "group": [
        1.0, 
        1.0, 
        1.0, 
        1.0, 
        1.0, 
        1.0, 
        1.0, 
        1.0, 
        1.0, 
        1.0, 
        1.0
      ], 
      "name": "CriminalJusticeReform", 
      "clust": 1, 
      "rank": 2, 
      "ini": 6, 
      "rankvar": 0
    }, 
    {
      "group": [
        2.0, 
        2.0, 
        2.0, 
        1.0, 
        1.0, 
        1.0, 
        1.0, 
        1.0, 
        1.0, 
        1.0, 
        1.0
      ], 
      "name": "Healthcare", 
      "clust": 2, 
      "rank": 5, 
      "ini": 5, 
      "rankvar": 5
    }, 
    {
      "group": [
        5.0, 
        5.0, 
        5.0, 
        3.0, 
        2.0, 
        1.0, 
        1.0, 
        1.0, 
        1.0, 
        1.0, 
        1.0
      ], 
      "name": "Immigration", 
      "clust": 3, 
      "rank": 3, 
      "ini": 4, 
      "rankvar": 2
    }, 
    {
      "group": [
        3.0, 
        3.0, 
        3.0, 
        2.0, 
        2.0, 
        1.0, 
        1.0, 
        1.0, 
        1.0, 
        1.0, 
        1.0
      ], 
      "name": "IncomeInequality", 
      "clust": 4, 
      "rank": 1, 
      "ini": 3, 
      "rankvar": 4
    }, 
    {
      "group": [
        4.0, 
        4.0, 
        4.0, 
        2.0, 
        2.0, 
        1.0, 
        1.0, 
        1.0, 
        1.0, 
        1.0, 
        1.0
      ], 
      "name": "NationalSecurity", 
      "clust": 5, 
      "rank": 4, 
      "ini": 2, 
      "rankvar": 1
    }, 
    {
      "group": [
        6.0, 
        6.0, 
        6.0, 
        4.0, 
        3.0, 
        2.0, 
        2.0, 
        2.0, 
        1.0, 
        1.0, 
        1.0
      ], 
      "name": "TradeWar", 
      "clust": 0, 
      "rank": 0, 
      "ini": 1, 
      "rankvar": 3
    }
  ], 
  "enrichrgram": false
}