{
  "mat": [
    [
      -0.26730291896652203, 
      -0.26730291896652203, 
      -0.26730291896652203
    ], 
    [
      0.1785553047896871, 
      0.1785553047896871, 
      0.1785553047896871
    ], 
    [
      -0.49807850944728965, 
      -0.49807850944728965, 
      -0.49807850944728965
    ], 
    [
      0.30802883195213554, 
      0.30802883195213554, 
      0.30802883195213554
    ], 
    [
      -0.49807850944728965, 
      -0.49807850944728965, 
      -0.49807850944728965
    ], 
    [
      -0.4791282809572841, 
      -0.4791282809572841, 
      -0.4791282809572841
    ], 
    [
      -0.49807850944728965, 
      -0.49807850944728965, 
      -0.49807850944728965
    ], 
    [
      0.9211941815027809, 
      0.9211941815027809, 
      0.9211941815027809
    ], 
    [
      3.438617785201028, 
      3.438617785201028, 
      3.438617785201028
    ], 
    [
      -0.49807850944728965, 
      -0.49807850944728965, 
      -0.49807850944728965
    ], 
    [
      -0.05597570738196985, 
      -0.05597570738196985, 
      -0.05597570738196985
    ], 
    [
      -0.21000459857607431, 
      -0.21000459857607431, 
      -0.21000459857607431
    ], 
    [
      -0.366385259922757, 
      -0.366385259922757, 
      -0.366385259922757
    ], 
    [
      -0.49807850944728965, 
      -0.49807850944728965, 
      -0.49807850944728965
    ], 
    [
      -0.49807850944728965, 
      -0.49807850944728965, 
      -0.49807850944728965
    ], 
    [
      -0.4791282809572841, 
      -0.4791282809572841, 
      -0.4791282809572841
    ]
  ], 
  "links": [], 
  "views": [], 
  "mat_orig": [
    [
      0.0042432002047, 
      0.0042432002047, 
      0.0042432002047
    ], 
    [
      0.0124410590093, 
      0.0124410590093, 
      0.0124410590093
    ], 
    [
      0.0, 
      0.0, 
      0.0
    ], 
    [
      0.0148216491567, 
      0.0148216491567, 
      0.0148216491567
    ], 
    [
      0.0, 
      0.0, 
      0.0
    ], 
    [
      0.000348432055749, 
      0.000348432055749, 
      0.000348432055749
    ], 
    [
      0.0, 
      0.0, 
      0.0
    ], 
    [
      0.0260957329162, 
      0.0260957329162, 
      0.0260957329162
    ], 
    [
      0.07238283082060001, 
      0.07238283082060001, 
      0.07238283082060001
    ], 
    [
      0.0, 
      0.0, 
      0.0
    ], 
    [
      0.00812880901448, 
      0.00812880901448, 
      0.00812880901448
    ], 
    [
      0.00529672689833, 
      0.00529672689833, 
      0.00529672689833
    ], 
    [
      0.00242140350362, 
      0.00242140350362, 
      0.00242140350362
    ], 
    [
      0.0, 
      0.0, 
      0.0
    ], 
    [
      0.0, 
      0.0, 
      0.0
    ], 
    [
      0.000348432055749, 
      0.000348432055749, 
      0.000348432055749
    ]
  ], 
  "cat_colors": {
    "col": {}, 
    "row": {}
  }, 
  "row_nodes": [
    {
      "group": [
        1.0, 
        1.0, 
        1.0, 
        1.0, 
        1.0, 
        1.0, 
        1.0, 
        1.0, 
        1.0, 
        1.0, 
        1.0
      ], 
      "name": "BOC", 
      "clust": 1, 
      "rank": 9, 
      "ini": 16, 
      "rankvar": 0
    }, 
    {
      "group": [
        4.0, 
        2.0, 
        2.0, 
        2.0, 
        2.0, 
        2.0, 
        2.0, 
        2.0, 
        2.0, 
        2.0, 
        1.0
      ], 
      "name": "BOJ", 
      "clust": 12, 
      "rank": 12, 
      "ini": 15, 
      "rankvar": 1
    }, 
    {
      "group": [
        2.0, 
        1.0, 
        1.0, 
        1.0, 
        1.0, 
        1.0, 
        1.0, 
        1.0, 
        1.0, 
        1.0, 
        1.0
      ], 
      "name": "BancoCentralDoBrasil", 
      "clust": 10, 
      "rank": 0, 
      "ini": 14, 
      "rankvar": 2
    }, 
    {
      "group": [
        5.0, 
        2.0, 
        2.0, 
        2.0, 
        2.0, 
        2.0, 
        2.0, 
        2.0, 
        2.0, 
        2.0, 
        1.0
      ], 
      "name": "BankOfEngland", 
      "clust": 14, 
      "rank": 13, 
      "ini": 13, 
      "rankvar": 3
    }, 
    {
      "group": [
        2.0, 
        1.0, 
        1.0, 
        1.0, 
        1.0, 
        1.0, 
        1.0, 
        1.0, 
        1.0, 
        1.0, 
        1.0
      ], 
      "name": "Banxico", 
      "clust": 11, 
      "rank": 1, 
      "ini": 12, 
      "rankvar": 4
    }, 
    {
      "group": [
        1.0, 
        1.0, 
        1.0, 
        1.0, 
        1.0, 
        1.0, 
        1.0, 
        1.0, 
        1.0, 
        1.0, 
        1.0
      ], 
      "name": "BoK", 
      "clust": 2, 
      "rank": 6, 
      "ini": 11, 
      "rankvar": 5
    }, 
    {
      "group": [
        2.0, 
        1.0, 
        1.0, 
        1.0, 
        1.0, 
        1.0, 
        1.0, 
        1.0, 
        1.0, 
        1.0, 
        1.0
      ], 
      "name": "CBRT", 
      "clust": 9, 
      "rank": 2, 
      "ini": 10, 
      "rankvar": 6
    }, 
    {
      "group": [
        5.0, 
        2.0, 
        2.0, 
        2.0, 
        2.0, 
        2.0, 
        2.0, 
        2.0, 
        2.0, 
        2.0, 
        1.0
      ], 
      "name": "ECB", 
      "clust": 15, 
      "rank": 14, 
      "ini": 9, 
      "rankvar": 15
    }, 
    {
      "group": [
        4.0, 
        2.0, 
        2.0, 
        2.0, 
        2.0, 
        2.0, 
        2.0, 
        2.0, 
        2.0, 
        2.0, 
        1.0
      ], 
      "name": "FederalReserve", 
      "clust": 13, 
      "rank": 15, 
      "ini": 8, 
      "rankvar": 7
    }, 
    {
      "group": [
        2.0, 
        1.0, 
        1.0, 
        1.0, 
        1.0, 
        1.0, 
        1.0, 
        1.0, 
        1.0, 
        1.0, 
        1.0
      ], 
      "name": "NorgesBank", 
      "clust": 8, 
      "rank": 3, 
      "ini": 7, 
      "rankvar": 8
    }, 
    {
      "group": [
        2.0, 
        1.0, 
        1.0, 
        1.0, 
        1.0, 
        1.0, 
        1.0, 
        1.0, 
        1.0, 
        1.0, 
        1.0
      ], 
      "name": "PBOC", 
      "clust": 7, 
      "rank": 11, 
      "ini": 6, 
      "rankvar": 9
    }, 
    {
      "group": [
        2.0, 
        1.0, 
        1.0, 
        1.0, 
        1.0, 
        1.0, 
        1.0, 
        1.0, 
        1.0, 
        1.0, 
        1.0
      ], 
      "name": "RBA", 
      "clust": 6, 
      "rank": 10, 
      "ini": 5, 
      "rankvar": 10
    }, 
    {
      "group": [
        3.0, 
        1.0, 
        1.0, 
        1.0, 
        1.0, 
        1.0, 
        1.0, 
        1.0, 
        1.0, 
        1.0, 
        1.0
      ], 
      "name": "RBNZ", 
      "clust": 3, 
      "rank": 8, 
      "ini": 4, 
      "rankvar": 11
    }, 
    {
      "group": [
        2.0, 
        1.0, 
        1.0, 
        1.0, 
        1.0, 
        1.0, 
        1.0, 
        1.0, 
        1.0, 
        1.0, 
        1.0
      ], 
      "name": "Riksbank", 
      "clust": 5, 
      "rank": 4, 
      "ini": 3, 
      "rankvar": 12
    }, 
    {
      "group": [
        2.0, 
        1.0, 
        1.0, 
        1.0, 
        1.0, 
        1.0, 
        1.0, 
        1.0, 
        1.0, 
        1.0, 
        1.0
      ], 
      "name": "SARB", 
      "clust": 4, 
      "rank": 5, 
      "ini": 2, 
      "rankvar": 13
    }, 
    {
      "group": [
        1.0, 
        1.0, 
        1.0, 
        1.0, 
        1.0, 
        1.0, 
        1.0, 
        1.0, 
        1.0, 
        1.0, 
        1.0
      ], 
      "name": "SNB", 
      "clust": 0, 
      "rank": 7, 
      "ini": 1, 
      "rankvar": 14
    }
  ], 
  "col_nodes": [
    {
      "group": [
        1.0, 
        1.0, 
        1.0, 
        1.0, 
        1.0, 
        1.0, 
        1.0, 
        1.0, 
        1.0, 
        1.0, 
        1.0
      ], 
      "name": "Dovish", 
      "clust": 1, 
      "rank": 0, 
      "ini": 3,